{"flutter":{"platforms":{"android":{"default":{"projectId":"myapp-4ad8a","appId":"1:681956944437:android:9ddce56bd0ef87d75b5f7c","fileOutput":"android/app/google-services.json"}},"dart":{"lib/firebase_options.dart":{"projectId":"myapp-4ad8a","configurations":{"android":"1:681956944437:android:9ddce56bd0ef87d75b5f7c","ios":"1:681956944437:ios:80f7c180f9ef47995b5f7c","macos":"1:681956944437:ios:80f7c180f9ef47995b5f7c","web":"1:681956944437:web:3bd9e40a977adff95b5f7c","windows":"1:681956944437:web:3a0ef4e5a33f2c945b5f7c"}}}}}}