{
  "project_info": {
    "project_number": "681956944437",
    "project_id": "myapp-4ad8a",
    "storage_bucket": "myapp-4ad8a.firebasestorage.app"
  },
  "client": [
    {
      "client_info": {
        "mobilesdk_app_id": "1:681956944437:android:9ddce56bd0ef87d75b5f7c",
        "android_client_info": {
          "package_name": "com.example.mynew"
        }
      },
      "oauth_client": [],
      "api_key": [
        {
          "current_key": "AIzaSyAmCENUXnkJt3FSej273nBG4Tg_A0fy8XI"
        }
      ],
      "services": {
        "appinvite_service": {
          "other_platform_oauth_client": []
        }
      }
    }
  ],
  "configuration_version": "1"
}